# rtop M2 real Linux metrics; bytes, bytes/s, percent; monotonic timestamps; no aggregates across devices
sample	0	0.000010
cpu	cpu	sampling
cpu	cpu0	sampling
cpu	cpu1	sampling
cpu	cpu10	sampling
cpu	cpu11	sampling
cpu	cpu12	sampling
cpu	cpu3	sampling
cpu	cpu4	sampling
cpu	cpu7	sampling
memory	17179869184	16791183360	388685824	2793652224	0	8589930496	24649728
load	4.57	4.36	4.47
network	eth0	2	4009763010	860934827	sampling	sampling
network	lo	1	31670	31670	sampling	sampling
disk	11:0	sr0	physical	0	0	sampling	sampling
disk	252:0	dm-0	virtual	93293744128	97961439232	sampling	sampling
disk	252:1	dm-1	virtual	32385837056	1526157989376	sampling	sampling
disk	252:10	dm-10	virtual	885967683584	292090335232	sampling	sampling
disk	252:11	dm-11	virtual	2945444245504	1395455238144	sampling	sampling
disk	252:12	dm-12	virtual	366004858880	1927630905344	sampling	sampling
disk	252:13	dm-13	virtual	10761797632	344929173504	sampling	sampling
disk	252:14	dm-14	virtual	1907652763648	327345750016	sampling	sampling
disk	252:15	dm-15	virtual	73933373440	26247262208	sampling	sampling
disk	252:16	dm-16	virtual	721190805504	798642180096	sampling	sampling
disk	252:17	dm-17	virtual	1788148068352	108388810752	sampling	sampling
disk	252:18	dm-18	virtual	214004711424	10716495872	sampling	sampling
disk	252:19	dm-19	virtual	309251440640	0	sampling	sampling
disk	252:2	dm-2	virtual	44915707904	160283774976	sampling	sampling
disk	252:23	dm-23	virtual	184348106752	6345871097856	sampling	sampling
disk	252:3	dm-3	virtual	14754228222976	14385975947264	sampling	sampling
disk	252:4	dm-4	virtual	14754228222976	14385975947264	sampling	sampling
disk	252:5	dm-5	virtual	0	0	sampling	sampling
disk	252:6	dm-6	virtual	1074475163648	236805455872	sampling	sampling
disk	252:7	dm-7	virtual	51208192	161024413696	sampling	sampling
disk	252:8	dm-8	virtual	4575232	593920	sampling	sampling
disk	252:9	dm-9	virtual	141873197056	46862102528	sampling	sampling
disk	7:0	loop0	virtual	0	0	sampling	sampling
disk	7:1	loop1	virtual	0	0	sampling	sampling
disk	7:2	loop2	virtual	0	0	sampling	sampling
disk	7:3	loop3	virtual	0	0	sampling	sampling
disk	7:4	loop4	virtual	0	0	sampling	sampling
disk	7:5	loop5	virtual	0	0	sampling	sampling
disk	7:6	loop6	virtual	0	0	sampling	sampling
disk	7:7	loop7	virtual	0	0	sampling	sampling
disk	8:0	sda	physical	17083873560064	16170564014592	sampling	sampling
disk	8:1	sda1	partition	1064960	0	sampling	sampling
disk	8:2	sda2	partition	4648960	0	sampling	sampling
disk	8:3	sda3	partition	17083864876544	16170564014592	sampling	sampling
filesystem	/dev/mapper/pve-vm--103--disk--0	/	ext4	134145380352	69917532160	64227848192	57339125760	age=0.000s
filesystem	/dev/mapper/pve-vm--103--disk--1	/mnt/vps	ext4	134145380352	3539140608	130606239744	123717517312	age=0.000s
sample	1	1.000076
cpu	cpu	29.629630
cpu	cpu0	19.791667
cpu	cpu1	17.894737
cpu	cpu10	30.612245
cpu	cpu11	41.836735
cpu	cpu12	59.183673
cpu	cpu3	12.244898
cpu	cpu4	43.434343
cpu	cpu7	11.881188
memory	17179869184	16791728128	388141056	2793652224	0	8589930496	24649728
load	4.57	4.36	4.47
network	eth0	2	4009792429	860935995	29371.033343	1166.095617
network	lo	1	31670	31670	0.000000	0.000000
disk	11:0	sr0	physical	0	0	0.000000	0.000000
disk	252:0	dm-0	virtual	93293744128	97961439232	0.000000	0.000000
disk	252:1	dm-1	virtual	32385837056	1526158509568	0.000000	519047.186411
disk	252:10	dm-10	virtual	885967683584	292090335232	0.000000	0.000000
disk	252:11	dm-11	virtual	2945444245504	1395455238144	0.000000	0.000000
disk	252:12	dm-12	virtual	366004858880	1927630905344	0.000000	0.000000
disk	252:13	dm-13	virtual	10761797632	344929173504	0.000000	0.000000
disk	252:14	dm-14	virtual	1907652763648	327345750016	0.000000	0.000000
disk	252:15	dm-15	virtual	73933373440	26247262208	0.000000	0.000000
disk	252:16	dm-16	virtual	721190805504	798642180096	0.000000	0.000000
disk	252:17	dm-17	virtual	1788148068352	108388810752	0.000000	0.000000
disk	252:18	dm-18	virtual	214004711424	10716495872	0.000000	0.000000
disk	252:19	dm-19	virtual	309251440640	0	0.000000	0.000000
disk	252:2	dm-2	virtual	44915707904	160283774976	0.000000	0.000000
disk	252:23	dm-23	virtual	184348106752	6345871323136	0.000000	224784.214588
disk	252:3	dm-3	virtual	14754228222976	14385976172544	0.000000	224784.214588
disk	252:4	dm-4	virtual	14754228222976	14385976172544	0.000000	224784.214588
disk	252:5	dm-5	virtual	0	0	0.000000	0.000000
disk	252:6	dm-6	virtual	1074475163648	236805455872	0.000000	0.000000
disk	252:7	dm-7	virtual	51208192	161024413696	0.000000	0.000000
disk	252:8	dm-8	virtual	4575232	593920	0.000000	0.000000
disk	252:9	dm-9	virtual	141873197056	46862102528	0.000000	0.000000
disk	7:0	loop0	virtual	0	0	0.000000	0.000000
disk	7:1	loop1	virtual	0	0	0.000000	0.000000
disk	7:2	loop2	virtual	0	0	0.000000	0.000000
disk	7:3	loop3	virtual	0	0	0.000000	0.000000
disk	7:4	loop4	virtual	0	0	0.000000	0.000000
disk	7:5	loop5	virtual	0	0	0.000000	0.000000
disk	7:6	loop6	virtual	0	0	0.000000	0.000000
disk	7:7	loop7	virtual	0	0	0.000000	0.000000
disk	8:0	sda	physical	17083873560064	16170564760064	0.000000	743831.400999
disk	8:1	sda1	partition	1064960	0	0.000000	0.000000
disk	8:2	sda2	partition	4648960	0	0.000000	0.000000
disk	8:3	sda3	partition	17083864876544	16170564760064	0.000000	743831.400999
filesystem	/dev/mapper/pve-vm--103--disk--0	/	ext4	134145380352	69917532160	64227848192	57339125760	age=1.001s
filesystem	/dev/mapper/pve-vm--103--disk--1	/mnt/vps	ext4	134145380352	3539140608	130606239744	123717517312	age=1.001s
sample	2	2.000092
cpu	cpu	27.226463
cpu	cpu0	39.175258
cpu	cpu1	36.734694
cpu	cpu10	37.755102
cpu	cpu11	12.371134
cpu	cpu12	31.313131
cpu	cpu3	8.163265
cpu	cpu4	33.000000
cpu	cpu7	19.191919
memory	17179869184	16793108480	386760704	2793725952	0	8589930496	24649728
load	4.57	4.36	4.47
network	eth0	2	4009792898	860944297	469.264770	8306.686824
network	lo	1	31670	31670	0.000000	0.000000
disk	11:0	sr0	physical	0	0	0.000000	0.000000
disk	252:0	dm-0	virtual	93293744128	97961439232	0.000000	0.000000
disk	252:1	dm-1	virtual	32385837056	1526158509568	0.000000	0.000000
disk	252:10	dm-10	virtual	885967683584	292090335232	0.000000	0.000000
disk	252:11	dm-11	virtual	2945444245504	1395455238144	0.000000	0.000000
disk	252:12	dm-12	virtual	366004858880	1927631044608	0.000000	139420.971981
disk	252:13	dm-13	virtual	10761797632	344929173504	0.000000	0.000000
disk	252:14	dm-14	virtual	1907652763648	327345750016	0.000000	0.000000
disk	252:15	dm-15	virtual	73933373440	26247262208	0.000000	0.000000
disk	252:16	dm-16	virtual	721190805504	798642180096	0.000000	0.000000
disk	252:17	dm-17	virtual	1788148068352	108388810752	0.000000	0.000000
disk	252:18	dm-18	virtual	214004711424	10716495872	0.000000	0.000000
disk	252:19	dm-19	virtual	309251440640	0	0.000000	0.000000
disk	252:2	dm-2	virtual	44915740672	160283824128	32804.934584	49207.401876
disk	252:23	dm-23	virtual	184348106752	6345871540224	0.000000	217332.691618
disk	252:3	dm-3	virtual	14754228288512	14385977049088	65609.869168	877532.000116
disk	252:4	dm-4	virtual	14754228288512	14385977049088	65609.869168	877532.000116
disk	252:5	dm-5	virtual	0	0	0.000000	0.000000
disk	252:6	dm-6	virtual	1074475163648	236805881856	0.000000	426464.149589
disk	252:7	dm-7	virtual	51208192	161024413696	0.000000	0.000000
disk	252:8	dm-8	virtual	4575232	593920	0.000000	0.000000
disk	252:9	dm-9	virtual	141873197056	46862131200	0.000000	28704.317761
disk	7:0	loop0	virtual	0	0	0.000000	0.000000
disk	7:1	loop1	virtual	0	0	0.000000	0.000000
disk	7:2	loop2	virtual	0	0	0.000000	0.000000
disk	7:3	loop3	virtual	0	0	0.000000	0.000000
disk	7:4	loop4	virtual	0	0	0.000000	0.000000
disk	7:5	loop5	virtual	0	0	0.000000	0.000000
disk	7:6	loop6	virtual	0	0	0.000000	0.000000
disk	7:7	loop7	virtual	0	0	0.000000	0.000000
disk	8:0	sda	physical	17083873658368	16170565685760	98414.803751	926739.401992
disk	8:1	sda1	partition	1064960	0	0.000000	0.000000
disk	8:2	sda2	partition	4648960	0	0.000000	0.000000
disk	8:3	sda3	partition	17083864974848	16170565685760	98414.803751	926739.401992
filesystem	/dev/mapper/pve-vm--103--disk--0	/	ext4	134145380352	69917532160	64227848192	57339125760	age=2.000s
filesystem	/dev/mapper/pve-vm--103--disk--1	/mnt/vps	ext4	134145380352	3539140608	130606239744	123717517312	age=2.000s
