wall_s,cpu_s,rss_kib,threads,voluntary_switches,involuntary_switches,output_bytes
30.001783,0.08,3840,3,30,1,36746
90.001227,0.27,3840,3,90,2,89091
150.001437,0.48,3840,3,150,2,166764
210.001219,0.68,3840,3,210,4,229136
270.001679,0.88,3840,3,270,6,301838
330.001432,1.06,3840,3,330,6,404455
390.000938,1.25,3840,3,390,7,505438
450.001297,1.44,3840,3,450,8,597504
510.001334,1.66,3840,3,510,8,692086
570.000871,1.86,3840,3,570,10,781559
630.00078,2.05,3840,3,630,14,855541
690.001109,2.25,3840,3,690,17,929574
750.001348,2.45,3840,3,749,17,1013869
810.001235,2.64,3840,3,809,17,1100056
870.001186,2.82,3840,3,869,18,1177808
930.00096,3.02,3840,3,929,18,1246439
990.001504,3.21,3840,3,989,18,1303848
1050.001406,3.4,3840,3,1049,18,1365303
1110.0008,3.6,3840,3,1109,20,1436236
1170.000689,3.79,3840,3,1169,22,1508663
1230.001143,3.98,3840,3,1229,23,1595668
1290.000802,4.18,3840,3,1289,23,1699754
1350.001532,4.36,3840,3,1349,23,1796806
1410.00143,4.58,3840,3,1409,26,1870383
1470.001289,4.79,3840,3,1468,33,1934764
1530.000916,4.98,3840,3,1528,35,1999519
1590.001473,5.18,3840,3,1588,36,2053353
1650.001341,5.38,3840,3,1648,36,2105456
1710.001279,5.59,3840,3,1708,37,2162486
1770.001338,5.77,3840,3,1768,37,2218213
1830.000895,5.96,3840,3,1828,37,2290449
1890.001399,6.13,3840,3,1888,38,2378237
1950.001023,6.35,3840,3,1948,38,2454949
2010.000918,6.56,3840,3,2008,38,2509202
2070.001318,6.77,3840,3,2068,43,2567074
2130.001021,6.97,3840,3,2127,48,2631634
2190.001623,7.17,3840,3,2187,49,2705620
2250.000852,7.37,3840,3,2247,52,2760112
2310.00124,7.56,3840,3,2307,59,2809815
2370.001274,7.74,3840,3,2367,67,2873135
2430.000601,7.93,3840,3,2427,69,2942325
2490.00082,8.11,3840,3,2487,75,3017172
2550.001322,8.31,3840,3,2547,77,3101472
2610.001283,8.51,3840,3,2607,85,3190934
2670.001284,8.73,3840,3,2667,86,3283040
2730.001276,8.93,3840,3,2727,91,3388914
2790.00112,9.13,3840,3,2787,94,3493061
2850.000667,9.31,3840,3,2846,95,3587212
2910.001277,9.51,3840,3,2906,97,3678858
2970.000637,9.68,3840,3,2966,100,3756723
3030.000981,9.89,3840,3,3026,103,3829614
3090.001395,10.09,3840,3,3086,105,3916413
3150.001121,10.3,3840,3,3146,105,4013454
3210.001209,10.52,3840,3,3206,105,4112929
3270.000688,10.72,3840,3,3266,107,4205316
3330.001138,10.93,3840,3,3326,107,4280762
3390.000887,11.13,3840,3,3386,110,4344882
3450.000998,11.32,3840,3,3446,113,4410827
3510.001143,11.54,3840,3,3506,116,4475090
3570.001049,11.74,3840,3,3565,119,4538131
3630.001031,11.96,3840,3,3625,119,4611760
